5,10,15,"anyway"
"seed","nine","struck","difficult"
"personal","dozen","mad","son"
"main","course","finally","key"
"other","measure","tool","close"
"jar","needed","deer","wear"
"too","example","attack","answer"
"find","slowly","steady","section"
"strip","develop","food","better"
"life","powder","ear","vapor"
"tax","does","chose","native"
"hollow","give","mainly","wherever"
"clearly","men","truck","rhythm"
"series","forgot","faster","anything"
"certainly","come","typical","many"
"rising","whom","private","month"
"solve","feet","held","hang"
"solid","feathers","land","fat"
"without","given","whole","steep"
"position","slave","consonant","hunter"
"given","around","oldest","government"
"result","situation","coffee","doctor"
"village","coat","list","dust"
"signal","last","ability","cattle"
"job","everything","swept","younger"
"gain","green","lay","record"
"ask","dawn","in","bent"
"check","case","duty","hurry"
"anywhere","arrange","fight","ice"
"saddle","after","onlinetools","studying"
"belong","neighbor","reason","round"
